[
	{
		"id" : 1001,
		"html" : "<div class=\"ui_courses\"><div class=\"courses_repeat\"><div class=\"course_item\"><div class=\"ui_avatar\"><a href=\"\" class=\"prev\"><em class=\"icon icon_chevron_left\">左</em></a><ul class=\"avatar_items\"><li><a href=\"#\" class=\"userpic J_userinfo\"><img src=\"http://file.xueersi.com/web/13105601335455.jpg\" alt=\"\"></a><a href=\"#\" class=\"username J_userinfo\">王雨洁</a></li></ul><a href=\"\" class=\"next\"><em class=\"icon icon_chevron_right\">右</em></a></div><!-- 头像 --><div class=\"course_detail\"><p class=\"course_title\"><em>数学</em><a href=\"##\">2013年上学期课外拓展班数学同步课程<strong>赠送两次直播</strong></a></p><p class=\"course_info\">课程包含<strong>15</strong>讲，<strong>3</strong>次月考，<strong>3</strong>次直播</p><p class=\"course_func\"><a href=\"#\" class=\"btn_audition\">免费试听</a><span><em class=\"icon icon_clock\"></em><a href=\"##\">请假</a></span><span><em class=\"icon icon_word\"></em><a href=\"##\">资料</a></span><span><em class=\"icon icon_horn\"></em><a href=\"##\">续报</a></span><span><em class=\"icon icon_manuscript\"></em><a href=\"##\">考试</a></span><span><em class=\"icon icon_tv\"></em><a href=\"##\">直播</a></span></p></div></div></div></div>"
	},
	{
		"id" : 1002,
		"html" : "<div class=\"ui_courses\"><div class=\"courses_repeat\"><div class=\"course_item\"><div class=\"ui_avatar\"><a href=\"\" class=\"prev\"><em class=\"icon icon_chevron_left\">左</em></a><ul class=\"avatar_items\"><li><a href=\"#\" class=\"userpic J_userinfo\"><img src=\"http://file.xueersi.com/web/13105601335455.jpg\" alt=\"\"></a><a href=\"#\" class=\"username J_userinfo\">王雨洁</a></li></ul><a href=\"\" class=\"next\"><em class=\"icon icon_chevron_right\">右</em></a></div><!-- 头像 --><div class=\"course_detail\"><p class=\"course_title\"><em>数学</em><a href=\"##\">2013年上学期课外拓展班数学同步课程<strong>赠送两次直播</strong></a></p><p class=\"course_info\">课程包含<strong>15</strong>讲，<strong>3</strong>次月考，<strong>3</strong>次直播</p><p class=\"course_func\"><a href=\"#\" class=\"btn_audition\">免费试听</a><span><em class=\"icon icon_clock\"></em><a href=\"##\">请假</a></span><span><em class=\"icon icon_word\"></em><a href=\"##\">资料</a></span><span><em class=\"icon icon_horn\"></em><a href=\"##\">续报</a></span><span><em class=\"icon icon_manuscript\"></em><a href=\"##\">考试</a></span><span><em class=\"icon icon_tv\"></em><a href=\"##\">直播</a></span></p></div></div></div></div>"
	},
	{
		"id" : 1003,
		"html" : "<div class=\"ui_courses\"><div class=\"courses_repeat\"><div class=\"course_item\"><div class=\"ui_avatar\"><a href=\"\" class=\"prev\"><em class=\"icon icon_chevron_left\">左</em></a><ul class=\"avatar_items\"><li><a href=\"#\" class=\"userpic J_userinfo\"><img src=\"http://file.xueersi.com/web/13105601335455.jpg\" alt=\"\"></a><a href=\"#\" class=\"username J_userinfo\">王雨洁</a></li></ul><a href=\"\" class=\"next\"><em class=\"icon icon_chevron_right\">右</em></a></div><!-- 头像 --><div class=\"course_detail\"><p class=\"course_title\"><em>数学</em><a href=\"##\">2013年上学期课外拓展班数学同步课程<strong>赠送两次直播</strong></a></p><p class=\"course_info\">课程包含<strong>15</strong>讲，<strong>3</strong>次月考，<strong>3</strong>次直播</p><p class=\"course_func\"><a href=\"#\" class=\"btn_audition\">免费试听</a><span><em class=\"icon icon_clock\"></em><a href=\"##\">请假</a></span><span><em class=\"icon icon_word\"></em><a href=\"##\">资料</a></span><span><em class=\"icon icon_horn\"></em><a href=\"##\">续报</a></span><span><em class=\"icon icon_manuscript\"></em><a href=\"##\">考试</a></span><span><em class=\"icon icon_tv\"></em><a href=\"##\">直播</a></span></p></div></div></div></div>"
	},
	{
		"id" : 1004,
		"html" : "<div class=\"ui_courses\"><div class=\"courses_repeat\"><div class=\"course_item\"><div class=\"ui_avatar\"><a href=\"\" class=\"prev\"><em class=\"icon icon_chevron_left\">左</em></a><ul class=\"avatar_items\"><li><a href=\"#\" class=\"userpic J_userinfo\"><img src=\"http://file.xueersi.com/web/13105601335455.jpg\" alt=\"\"></a><a href=\"#\" class=\"username J_userinfo\">王雨洁</a></li></ul><a href=\"\" class=\"next\"><em class=\"icon icon_chevron_right\">右</em></a></div><!-- 头像 --><div class=\"course_detail\"><p class=\"course_title\"><em>数学</em><a href=\"##\">2013年上学期课外拓展班数学同步课程<strong>赠送两次直播</strong></a></p><p class=\"course_info\">课程包含<strong>15</strong>讲，<strong>3</strong>次月考，<strong>3</strong>次直播</p><p class=\"course_func\"><a href=\"#\" class=\"btn_audition\">免费试听</a><span><em class=\"icon icon_clock\"></em><a href=\"##\">请假</a></span><span><em class=\"icon icon_word\"></em><a href=\"##\">资料</a></span><span><em class=\"icon icon_horn\"></em><a href=\"##\">续报</a></span><span><em class=\"icon icon_manuscript\"></em><a href=\"##\">考试</a></span><span><em class=\"icon icon_tv\"></em><a href=\"##\">直播</a></span></p></div></div></div></div>"
	},
	{
		"id" : 1005,
		"html" : "<div class=\"ui_courses\"><div class=\"courses_repeat\"><div class=\"course_item\"><div class=\"ui_avatar\"><a href=\"\" class=\"prev\"><em class=\"icon icon_chevron_left\">左</em></a><ul class=\"avatar_items\"><li><a href=\"#\" class=\"userpic J_userinfo\"><img src=\"http://file.xueersi.com/web/13105601335455.jpg\" alt=\"\"></a><a href=\"#\" class=\"username J_userinfo\">王雨洁</a></li></ul><a href=\"\" class=\"next\"><em class=\"icon icon_chevron_right\">右</em></a></div><!-- 头像 --><div class=\"course_detail\"><p class=\"course_title\"><em>数学</em><a href=\"##\">2013年上学期课外拓展班数学同步课程<strong>赠送两次直播</strong></a></p><p class=\"course_info\">课程包含<strong>15</strong>讲，<strong>3</strong>次月考，<strong>3</strong>次直播</p><p class=\"course_func\"><a href=\"#\" class=\"btn_audition\">免费试听</a><span><em class=\"icon icon_clock\"></em><a href=\"##\">请假</a></span><span><em class=\"icon icon_word\"></em><a href=\"##\">资料</a></span><span><em class=\"icon icon_horn\"></em><a href=\"##\">续报</a></span><span><em class=\"icon icon_manuscript\"></em><a href=\"##\">考试</a></span><span><em class=\"icon icon_tv\"></em><a href=\"##\">直播</a></span></p></div></div></div></div>"
	},
	{
		"id" : 1006,
		"html" : "<div class=\"ui_courses\"><div class=\"courses_repeat\"><div class=\"course_item\"><div class=\"ui_avatar\"><a href=\"\" class=\"prev\"><em class=\"icon icon_chevron_left\">左</em></a><ul class=\"avatar_items\"><li><a href=\"#\" class=\"userpic J_userinfo\"><img src=\"http://file.xueersi.com/web/13105601335455.jpg\" alt=\"\"></a><a href=\"#\" class=\"username J_userinfo\">王雨洁</a></li></ul><a href=\"\" class=\"next\"><em class=\"icon icon_chevron_right\">右</em></a></div><!-- 头像 --><div class=\"course_detail\"><p class=\"course_title\"><em>数学</em><a href=\"##\">2013年上学期课外拓展班数学同步课程<strong>赠送两次直播</strong></a></p><p class=\"course_info\">课程包含<strong>15</strong>讲，<strong>3</strong>次月考，<strong>3</strong>次直播</p><p class=\"course_func\"><a href=\"#\" class=\"btn_audition\">免费试听</a><span><em class=\"icon icon_clock\"></em><a href=\"##\">请假</a></span><span><em class=\"icon icon_word\"></em><a href=\"##\">资料</a></span><span><em class=\"icon icon_horn\"></em><a href=\"##\">续报</a></span><span><em class=\"icon icon_manuscript\"></em><a href=\"##\">考试</a></span><span><em class=\"icon icon_tv\"></em><a href=\"##\">直播</a></span></p></div></div></div></div>"
	},
	{
		"id" : 1007,
		"html" : "<div class=\"ui_courses\"><div class=\"courses_repeat\"><div class=\"course_item\"><div class=\"ui_avatar\"><a href=\"\" class=\"prev\"><em class=\"icon icon_chevron_left\">左</em></a><ul class=\"avatar_items\"><li><a href=\"#\" class=\"userpic J_userinfo\"><img src=\"http://file.xueersi.com/web/13105601335455.jpg\" alt=\"\"></a><a href=\"#\" class=\"username J_userinfo\">王雨洁</a></li></ul><a href=\"\" class=\"next\"><em class=\"icon icon_chevron_right\">右</em></a></div><!-- 头像 --><div class=\"course_detail\"><p class=\"course_title\"><em>数学</em><a href=\"##\">2013年上学期课外拓展班数学同步课程<strong>赠送两次直播</strong></a></p><p class=\"course_info\">课程包含<strong>15</strong>讲，<strong>3</strong>次月考，<strong>3</strong>次直播</p><p class=\"course_func\"><a href=\"#\" class=\"btn_audition\">免费试听</a><span><em class=\"icon icon_clock\"></em><a href=\"##\">请假</a></span><span><em class=\"icon icon_word\"></em><a href=\"##\">资料</a></span><span><em class=\"icon icon_horn\"></em><a href=\"##\">续报</a></span><span><em class=\"icon icon_manuscript\"></em><a href=\"##\">考试</a></span><span><em class=\"icon icon_tv\"></em><a href=\"##\">直播</a></span></p></div></div></div></div>"
	},
	{
		"id" : 1008,
		"html" : "<div class=\"ui_courses\"><div class=\"courses_repeat\"><div class=\"course_item\"><div class=\"ui_avatar\"><a href=\"\" class=\"prev\"><em class=\"icon icon_chevron_left\">左</em></a><ul class=\"avatar_items\"><li><a href=\"#\" class=\"userpic J_userinfo\"><img src=\"http://file.xueersi.com/web/13105601335455.jpg\" alt=\"\"></a><a href=\"#\" class=\"username J_userinfo\">王雨洁</a></li></ul><a href=\"\" class=\"next\"><em class=\"icon icon_chevron_right\">右</em></a></div><!-- 头像 --><div class=\"course_detail\"><p class=\"course_title\"><em>数学</em><a href=\"##\">2013年上学期课外拓展班数学同步课程<strong>赠送两次直播</strong></a></p><p class=\"course_info\">课程包含<strong>15</strong>讲，<strong>3</strong>次月考，<strong>3</strong>次直播</p><p class=\"course_func\"><a href=\"#\" class=\"btn_audition\">免费试听</a><span><em class=\"icon icon_clock\"></em><a href=\"##\">请假</a></span><span><em class=\"icon icon_word\"></em><a href=\"##\">资料</a></span><span><em class=\"icon icon_horn\"></em><a href=\"##\">续报</a></span><span><em class=\"icon icon_manuscript\"></em><a href=\"##\">考试</a></span><span><em class=\"icon icon_tv\"></em><a href=\"##\">直播</a></span></p></div></div></div></div>"
	},
	{
		"id" : 1009,
		"html" : "<div class=\"ui_courses\"><div class=\"courses_repeat\"><div class=\"course_item\"><div class=\"ui_avatar\"><a href=\"\" class=\"prev\"><em class=\"icon icon_chevron_left\">左</em></a><ul class=\"avatar_items\"><li><a href=\"#\" class=\"userpic J_userinfo\"><img src=\"http://file.xueersi.com/web/13105601335455.jpg\" alt=\"\"></a><a href=\"#\" class=\"username J_userinfo\">王雨洁</a></li></ul><a href=\"\" class=\"next\"><em class=\"icon icon_chevron_right\">右</em></a></div><!-- 头像 --><div class=\"course_detail\"><p class=\"course_title\"><em>数学</em><a href=\"##\">2013年上学期课外拓展班数学同步课程<strong>赠送两次直播</strong></a></p><p class=\"course_info\">课程包含<strong>15</strong>讲，<strong>3</strong>次月考，<strong>3</strong>次直播</p><p class=\"course_func\"><a href=\"#\" class=\"btn_audition\">免费试听</a><span><em class=\"icon icon_clock\"></em><a href=\"##\">请假</a></span><span><em class=\"icon icon_word\"></em><a href=\"##\">资料</a></span><span><em class=\"icon icon_horn\"></em><a href=\"##\">续报</a></span><span><em class=\"icon icon_manuscript\"></em><a href=\"##\">考试</a></span><span><em class=\"icon icon_tv\"></em><a href=\"##\">直播</a></span></p></div></div></div></div>"
	},
	{
		"id" : 1010,
		"html" : "<div class=\"ui_courses\"><div class=\"courses_repeat\"><div class=\"course_item\"><div class=\"ui_avatar\"><a href=\"\" class=\"prev\"><em class=\"icon icon_chevron_left\">左</em></a><ul class=\"avatar_items\"><li><a href=\"#\" class=\"userpic J_userinfo\"><img src=\"http://file.xueersi.com/web/13105601335455.jpg\" alt=\"\"></a><a href=\"#\" class=\"username J_userinfo\">王雨洁</a></li></ul><a href=\"\" class=\"next\"><em class=\"icon icon_chevron_right\">右</em></a></div><!-- 头像 --><div class=\"course_detail\"><p class=\"course_title\"><em>数学</em><a href=\"##\">2013年上学期课外拓展班数学同步课程<strong>赠送两次直播</strong></a></p><p class=\"course_info\">课程包含<strong>15</strong>讲，<strong>3</strong>次月考，<strong>3</strong>次直播</p><p class=\"course_func\"><a href=\"#\" class=\"btn_audition\">免费试听</a><span><em class=\"icon icon_clock\"></em><a href=\"##\">请假</a></span><span><em class=\"icon icon_word\"></em><a href=\"##\">资料</a></span><span><em class=\"icon icon_horn\"></em><a href=\"##\">续报</a></span><span><em class=\"icon icon_manuscript\"></em><a href=\"##\">考试</a></span><span><em class=\"icon icon_tv\"></em><a href=\"##\">直播</a></span></p></div></div></div></div>"
	},
	{
		"id" : 1011,
		"html" : "<div class=\"ui_courses\"><div class=\"courses_repeat\"><div class=\"course_item\"><div class=\"ui_avatar\"><a href=\"\" class=\"prev\"><em class=\"icon icon_chevron_left\">左</em></a><ul class=\"avatar_items\"><li><a href=\"#\" class=\"userpic J_userinfo\"><img src=\"http://file.xueersi.com/web/13105601335455.jpg\" alt=\"\"></a><a href=\"#\" class=\"username J_userinfo\">王雨洁</a></li></ul><a href=\"\" class=\"next\"><em class=\"icon icon_chevron_right\">右</em></a></div><!-- 头像 --><div class=\"course_detail\"><p class=\"course_title\"><em>数学</em><a href=\"##\">2013年上学期课外拓展班数学同步课程<strong>赠送两次直播</strong></a></p><p class=\"course_info\">课程包含<strong>15</strong>讲，<strong>3</strong>次月考，<strong>3</strong>次直播</p><p class=\"course_func\"><a href=\"#\" class=\"btn_audition\">免费试听</a><span><em class=\"icon icon_clock\"></em><a href=\"##\">请假</a></span><span><em class=\"icon icon_word\"></em><a href=\"##\">资料</a></span><span><em class=\"icon icon_horn\"></em><a href=\"##\">续报</a></span><span><em class=\"icon icon_manuscript\"></em><a href=\"##\">考试</a></span><span><em class=\"icon icon_tv\"></em><a href=\"##\">直播</a></span></p></div></div></div></div>"
	},
	{
		"id" : 1012,
		"html" : "<div class=\"ui_courses\"><div class=\"courses_repeat\"><div class=\"course_item\"><div class=\"ui_avatar\"><a href=\"\" class=\"prev\"><em class=\"icon icon_chevron_left\">左</em></a><ul class=\"avatar_items\"><li><a href=\"#\" class=\"userpic J_userinfo\"><img src=\"http://file.xueersi.com/web/13105601335455.jpg\" alt=\"\"></a><a href=\"#\" class=\"username J_userinfo\">王雨洁</a></li></ul><a href=\"\" class=\"next\"><em class=\"icon icon_chevron_right\">右</em></a></div><!-- 头像 --><div class=\"course_detail\"><p class=\"course_title\"><em>数学</em><a href=\"##\">2013年上学期课外拓展班数学同步课程<strong>赠送两次直播</strong></a></p><p class=\"course_info\">课程包含<strong>15</strong>讲，<strong>3</strong>次月考，<strong>3</strong>次直播</p><p class=\"course_func\"><a href=\"#\" class=\"btn_audition\">免费试听</a><span><em class=\"icon icon_clock\"></em><a href=\"##\">请假</a></span><span><em class=\"icon icon_word\"></em><a href=\"##\">资料</a></span><span><em class=\"icon icon_horn\"></em><a href=\"##\">续报</a></span><span><em class=\"icon icon_manuscript\"></em><a href=\"##\">考试</a></span><span><em class=\"icon icon_tv\"></em><a href=\"##\">直播</a></span></p></div></div></div></div>"
	}
]