[
	{
		"id"   : 1001,
		"html" : "<div class=\"ui_feed\"><div class=\"ui_avatar avatar_mini\"><a href=\"##\" class=\"userpic J_userinfo\"><img src=\"http://file.xueersi.com/web/13105601335455.jpg\" alt=\"\" width=\"60\" height=\"60\"></a></div><div class=\"feed_detail\"><a href=\"\" class=\"ui_username\">初一年级<i class=\"icon icon_yverify\">V</i></a><div class=\"feed_text\">秀情老师数学加油站系列讲座第十二秀情老师数学加油站系列讲座第十二秀情老师数学加油站系列讲座第十二<a href=\"\">秀情老师数学加油站系列讲座第十二</a></div><div class=\"feed_bar\"><span><a href=\"#\" title=\"评论\">评论<strong>(17)</strong></a><a href=\"#\" title=\"评论\">收藏<strong>(17)</strong></a><i class=\"S_time\">5小时前</i></span></div></div></div>"	
	},
	{
		"id"   : 1002,
		"html" : "<div class=\"ui_feed\"><div class=\"ui_avatar avatar_mini\"><a class=\"userpic J_userinfo\" href=\"##\"><img width=\"60\" height=\"60\" alt=\"\" src=\"http://file.xueersi.com/web/13105601335455.jpg\"></a></div><div class=\"feed_detail\"><a class=\"ui_username\" href=\"\">初一年级<i class=\"icon icon_yverify\">V</i></a><div class=\"feed_text\">秀情老师数学加油站系列讲座第十二秀情老师数学加油站系列讲座第十二秀情老师数学加油站系列讲座第十二<a href=\"\">秀情老师数学加油站系列讲座第十二</a></div><div class=\"feed_bar\"><span><a title=\"评论\" href=\"#\">评论<strong>(17)</strong></a><a title=\"评论\" href=\"#\">收藏<strong>(17)</strong></a><i class=\"S_time\">5小时前</i></span></div></div></div>"	
	},
	{
		"id"   : 1003,
		"html" : "<div class=\"ui_feed\"><div class=\"ui_avatar avatar_mini\"><a class=\"userpic J_userinfo\" href=\"##\"><img width=\"60\" height=\"60\" alt=\"\" src=\"http://file.xueersi.com/web/13105601335455.jpg\"></a></div><div class=\"feed_detail\"><div class=\"feed_text feed_text_my\"><div class=\"my\">我</div><div class=\"my_info\">完成了<a href=\"##\">秀数学加油站系列讲座</a>得到了 <strong>90</strong>分获得了<a class=\"ui_username\" href=\"\">王雨洁 <i class=\"icon icon_yverify\">V</i></a>老师奖励的 <strong>90</strong>枚金币枚金币枚金币枚金币枚金币枚金币枚金币枚金币枚金币枚金币</div></div><div class=\"feed_bar\"><span> <i class=\"S_time\">5小时前</i></span></div></div></div>"	
	},
	{
		"id"   : 1004,
		"html" : "<div class=\"ui_feed\"><div class=\"ui_avatar avatar_mini\"><a class=\"userpic J_userinfo\" href=\"##\"><img width=\"60\" height=\"60\" alt=\"\" src=\"http://file.xueersi.com/web/13105601335455.jpg\"></a></div><div class=\"feed_detail\"><a class=\"ui_username\" href=\"\">初一年级<i class=\"icon icon_yverify\">V</i></a><div class=\"feed_text\">秀情老师数学加油站系列讲座第十二秀情老师数学加油站系列讲座第十二秀情老师数学加油站系列讲座第十二<a href=\"\">秀情老师数学加油站系列讲座第十二</a></div><div class=\"feed_bar\"><span><a title=\"评论\" href=\"#\">评论<strong>(17)</strong></a><a title=\"评论\" href=\"#\">收藏<strong>(17)</strong></a><i class=\"S_time\">5小时前</i></span></div></div></div>"	
	},
	{
		"id"   : 1005,
		"html" : "<div class=\"ui_feed\"><div class=\"ui_avatar avatar_mini\"><a class=\"userpic J_userinfo\" href=\"##\"><img width=\"60\" height=\"60\" alt=\"\" src=\"http://file.xueersi.com/web/13105601335455.jpg\"></a></div><div class=\"feed_detail\"><div class=\"feed_text feed_text_my\"><div class=\"my\">我</div><div class=\"my_info\">完成了<a href=\"##\">秀数学加油站系列讲座</a>得到了 <strong>90</strong>分获得了<a class=\"ui_username\" href=\"\">王雨洁 <i class=\"icon icon_yverify\">V</i></a>老师奖励的 <strong>90</strong>枚金币枚金币枚金币枚金币枚金币枚金币枚金币枚金币枚金币枚金币</div></div><div class=\"feed_bar\"><span> <i class=\"S_time\">5小时前</i></span></div></div></div>"	
	},
	{
		"id"   : 1006,
		"html" : "<div class=\"ui_feed\"><div class=\"ui_avatar avatar_mini\"><a class=\"userpic J_userinfo\" href=\"##\"><img width=\"60\" height=\"60\" alt=\"\" src=\"http://file.xueersi.com/web/13105601335455.jpg\"></a></div><div class=\"feed_detail\"><a class=\"ui_username\" href=\"\">初一年级<i class=\"icon icon_yverify\">V</i></a><div class=\"feed_text\">秀情老师数学加油站系列讲座第十二秀情老师数学加油站系列讲座第十二秀情老师数学加油站系列讲座第十二<a href=\"\">秀情老师数学加油站系列讲座第十二</a></div><div class=\"feed_bar\"><span><a title=\"评论\" href=\"#\">评论<strong>(17)</strong></a><a title=\"评论\" href=\"#\">收藏<strong>(17)</strong></a><i class=\"S_time\">5小时前</i></span></div></div></div>"	
	},
	{
		"id"   : 1007,
		"html" : "<div class=\"ui_feed\"><div class=\"ui_avatar avatar_mini\"><a class=\"userpic J_userinfo\" href=\"##\"><img width=\"60\" height=\"60\" alt=\"\" src=\"http://file.xueersi.com/web/13105601335455.jpg\"></a></div><div class=\"feed_detail\"><div class=\"feed_text feed_text_my\"><div class=\"my\">我</div><div class=\"my_info\">完成了<a href=\"##\">秀数学加油站系列讲座</a>得到了 <strong>90</strong>分获得了<a class=\"ui_username\" href=\"\">王雨洁 <i class=\"icon icon_yverify\">V</i></a>老师奖励的 <strong>90</strong>枚金币枚金币枚金币枚金币枚金币枚金币枚金币枚金币枚金币枚金币</div></div><div class=\"feed_bar\"><span> <i class=\"S_time\">5小时前</i></span></div></div></div>"	
	},
	{
		"id"   : 1008,
		"html" : "<div class=\"ui_feed\"><div class=\"ui_avatar avatar_mini\"><a class=\"userpic J_userinfo\" href=\"##\"><img width=\"60\" height=\"60\" alt=\"\" src=\"http://file.xueersi.com/web/13105601335455.jpg\"></a></div><div class=\"feed_detail\"><a class=\"ui_username\" href=\"\">初一年级<i class=\"icon icon_yverify\">V</i></a><div class=\"feed_text\">秀情老师数学加油站系列讲座第十二秀情老师数学加油站系列讲座第十二秀情老师数学加油站系列讲座第十二<a href=\"\">秀情老师数学加油站系列讲座第十二</a></div><div class=\"feed_bar\"><span><a title=\"评论\" href=\"#\">评论<strong>(17)</strong></a><a title=\"评论\" href=\"#\">收藏<strong>(17)</strong></a><i class=\"S_time\">5小时前</i></span></div></div></div>"	
	},
	{
		"id"   : 1009,
		"html" : "<div class=\"ui_feed\"><div class=\"ui_avatar avatar_mini\"><a class=\"userpic J_userinfo\" href=\"##\"><img width=\"60\" height=\"60\" alt=\"\" src=\"http://file.xueersi.com/web/13105601335455.jpg\"></a></div><div class=\"feed_detail\"><div class=\"feed_text feed_text_my\"><div class=\"my\">我</div><div class=\"my_info\">完成了<a href=\"##\">秀数学加油站系列讲座</a>得到了 <strong>90</strong>分获得了<a class=\"ui_username\" href=\"\">王雨洁 <i class=\"icon icon_yverify\">V</i></a>老师奖励的 <strong>90</strong>枚金币枚金币枚金币枚金币枚金币枚金币枚金币枚金币枚金币枚金币</div></div><div class=\"feed_bar\"><span> <i class=\"S_time\">5小时前</i></span></div></div></div>"	
	},
	{
		"id"   : 1010,
		"html" : "<div class=\"ui_feed\"><div class=\"ui_avatar avatar_mini\"><a class=\"userpic J_userinfo\" href=\"##\"><img width=\"60\" height=\"60\" alt=\"\" src=\"http://file.xueersi.com/web/13105601335455.jpg\"></a></div><div class=\"feed_detail\"><a class=\"ui_username\" href=\"\">初一年级<i class=\"icon icon_yverify\">V</i></a><div class=\"feed_text\">秀情老师数学加油站系列讲座第十二秀情老师数学加油站系列讲座第十二秀情老师数学加油站系列讲座第十二<a href=\"\">秀情老师数学加油站系列讲座第十二</a></div><div class=\"feed_bar\"><span><a title=\"评论\" href=\"#\">评论<strong>(17)</strong></a><a title=\"评论\" href=\"#\">收藏<strong>(17)</strong></a><i class=\"S_time\">5小时前</i></span></div></div></div>"	
	}	
]